Category,NetInvested,CategoryInvestmentPct
Debt,5803.75,6.2585932655757155
Equity,56742.75,61.18971234464724
Hybrid,30186.0,32.55169438977705
