Category,NetInvested,CategoryInvestmentPct
Debt,58823.5,9.86566752397716
Equity,473102.5,79.34706315949246
Hybrid,64318.5,10.787269316530383
