Category,ReturnPct
Debt,3.396226415094345
Equity,2.864036281179132
Hybrid,2.2565320665083033
