Category,ReturnPct
Debt,4.347826086956526
Equity,3.6354288985867966
Hybrid,3.276353276353272
