FundID,FundName,CurrentValue,FundAllocationPct
F101,Alpha Growth Fund,12483.9,13.274135855765426
F102,Bluechip Equity Fund,12028.0,12.789377203690078
F103,Balanced Advantage Fund,30565.5,32.50030835711582
F104,Corporate Bond Fund,5918.4,6.293037083664728
F105,Small Cap Opportunities,33051.0,35.14314149976395
