{
  "MeanInvestmentAmount": 2843.6142857142854,
  "MedianInvestorIncome": 1170000.0,
  "StdDevNAV": 13.475438093164952,
  "Percentile90FundReturns": 3.4384905660377334,
  "Percentile95FundReturns": 3.452578616352196,
  "IncomeInvestmentCorrelation": -0.19191982649389291,
  "AverageDailyNAV": 35.52055
}