{
  "TotalPortfolioValue": 577976.75,
  "PortfolioReturnPct": -3.0638018463901973,
  "CAGR": -6.5792940702015805,
  "AbsoluteReturn": -18267.75,
  "AnnualizedReturn": -6.5792940702015805,
  "PortfolioDiversificationScore": 2.0,
  "AverageHoldingPeriodDays": 287.0833333333333,
  "ExpenseRatioImpact": 6665.583500000001,
  "SharpeRatioSimplified": 31.324476874355586
}