{
  "TotalPortfolioValue": 94046.8,
  "PortfolioReturnPct": 1.4173024559890037,
  "CAGR": 77.03028044485755,
  "AbsoluteReturn": 1314.300000000003,
  "AnnualizedReturn": 77.03028044485755,
  "PortfolioDiversificationScore": 7.000000000000001,
  "AverageHoldingPeriodDays": 4.591836734693878,
  "ExpenseRatioImpact": 1090.1961499999998,
  "SharpeRatioSimplified": 21.27268215226071
}