Category,AverageROI,AverageNAV,TotalInvestment
Equity,1.2221384460653424,32.1,505222.5
Hybrid,-16.001517298628148,36.25,64318.5
Debt,-43.884694658734915,19.2,58823.5
